{"features":[{"averageVoicedPitch_Hz":114.624332242799, "averageVoicedSoundIntensity_DB":71.4451635553442, "averageUnvoicedSoundIntensity_DB":51.1872817235826, "averageSmileIntensity_100":13.8374135291247, "averageMovement":1.57383801412463, "movementMax":4.27606593276515, "voicedPitchStdDev":47.9901881215232, "voicedPitchVariationQuotient":0.418673654908363, "voicedSoundIntensityStdDev":6.95336072338952, "voicedSoundIntensityVariationQuotient":0.0973244426545847, "wordCount":3, "totalDuration_Milliseconds":100949.333190918, "speakingRate_WPM":1.78307269904972, "wordSoundIntensityMax":57.3400448079389, "averageWordSoundIntensity":31.2798022940698, "voicedIntervalCount":147, "totalVoicedTime_Milliseconds":26340.0065526366, "voicedPitchMin":50.3559722900391, "voicedPitchMax":348.499450683594, "voicedPitchRange":298.143478393555, "voicedIntensityMin":56.2568893432617, "voicedIntensityMax":86.0154724121094, "voicedIntensityRange":29.7585830688477, "unvoicedIntervalCount":148, "totalUnvoicedTime_Milliseconds":74609.3266382813, "unvoicedSoundIntensityMin":0, "unvoicedSoundIntensityMax":84.2002334594727, "unvoicedSoundIntensityRange":398.433906555176, "srSNR":-1, "srMeanEnergy":-1, "srLatticeDensity":-1, "srInterpretationConfidence":-1}]}