{"features":[{"averageVoicedPitch_Hz":172.133251661641, "averageVoicedSoundIntensity_DB":75.3514788253044, "averageUnvoicedSoundIntensity_DB":52.8611481044028, "averageSmileIntensity_100":15.2009488764795, "averageMovement":3.89853105057983, "movementMax":8.876982421875, "voicedPitchStdDev":32.8649150072083, "voicedPitchVariationQuotient":0.190927172350234, "voicedSoundIntensityStdDev":5.13785726327606, "voicedSoundIntensityVariationQuotient":0.0681852213569387, "wordCount":211, "totalDuration_Milliseconds":64365.7150268555, "speakingRate_WPM":196.688563076132, "wordSoundIntensityMax":82.573774210612, "averageWordSoundIntensity":69.8213599411495, "voicedIntervalCount":191, "totalVoicedTime_Milliseconds":33529.980301857, "voicedPitchMin":50.1472129821777, "voicedPitchMax":349.849212646484, "voicedPitchRange":299.701999664307, "voicedIntensityMin":57.4332580566406, "voicedIntensityMax":86.9580459594727, "voicedIntensityRange":29.524787902832, "unvoicedIntervalCount":192, "totalUnvoicedTime_Milliseconds":30835.7347249985, "unvoicedSoundIntensityMin":24.922872543335, "unvoicedSoundIntensityMax":83.5421295166016, "unvoicedSoundIntensityRange":58.6192569732666, "srSNR":-1, "srMeanEnergy":-1, "srLatticeDensity":-1, "srInterpretationConfidence":-1}]}
