{"features":[{"averageVoicedPitch_Hz":146.127959373827, "averageVoicedSoundIntensity_DB":70.9221044686497, "averageUnvoicedSoundIntensity_DB":40.5654907459532, "averageSmileIntensity_100":18.0222639415841, "averageMovement":1.36836881471288, "movementMax":21.7149384469697, "voicedPitchStdDev":27.4673529645739, "voicedPitchVariationQuotient":0.187967813156868, "voicedSoundIntensityStdDev":5.83955103345758, "voicedSoundIntensityVariationQuotient":0.0823375318204057, "wordCount":0, "totalDuration_Milliseconds":424367.889404297, "speakingRate_WPM":0, "wordSoundIntensityMax":0, "averageWordSoundIntensity":0, "voicedIntervalCount":488, "totalVoicedTime_Milliseconds":88599.8641252518, "voicedPitchMin":50.033634185791, "voicedPitchMax":345.499816894531, "voicedPitchRange":295.46618270874, "voicedIntensityMin":55.5182723999023, "voicedIntensityMax":87.7904891967773, "voicedIntensityRange":32.272216796875, "unvoicedIntervalCount":489, "totalUnvoicedTime_Milliseconds":335768.025279045, "unvoicedSoundIntensityMin":24.5608558654785, "unvoicedSoundIntensityMax":85.7022247314453, "unvoicedSoundIntensityRange":61.1413688659668, "srSNR":-1, "srMeanEnergy":-1, "srLatticeDensity":-1, "srInterpretationConfidence":-1}]}