{"features":[{"averageVoicedPitch_Hz":158.425296398781, "averageVoicedSoundIntensity_DB":72.756243847106, "averageUnvoicedSoundIntensity_DB":45.4487404147112, "averageSmileIntensity_100":29.0781166039326, "averageMovement":1.58770495014354, "movementMax":4.03472626657197, "voicedPitchStdDev":70.4776848237676, "voicedPitchVariationQuotient":0.444863834411673, "voicedSoundIntensityStdDev":7.50883139901786, "voicedSoundIntensityVariationQuotient":0.103205319598375, "wordCount":7, "totalDuration_Milliseconds":116394.668579102, "speakingRate_WPM":3.60841269730983, "wordSoundIntensityMax":0, "averageWordSoundIntensity":0, "voicedIntervalCount":286, "totalVoicedTime_Milliseconds":31750.044465065, "voicedPitchMin":49.9462356567383, "voicedPitchMax":348.287872314453, "voicedPitchRange":298.341636657715, "voicedIntensityMin":54.6020660400391, "voicedIntensityMax":87.5940551757813, "voicedIntensityRange":32.9919891357422, "unvoicedIntervalCount":287, "totalUnvoicedTime_Milliseconds":84644.6241140366, "unvoicedSoundIntensityMin":19.0237827301025, "unvoicedSoundIntensityMax":85.6690521240234, "unvoicedSoundIntensityRange":66.6452693939209, "srSNR":-1, "srMeanEnergy":-1, "srLatticeDensity":-1, "srInterpretationConfidence":-1}]}