{"features":[{"averageVoicedPitch_Hz":136.748031743905, "averageVoicedSoundIntensity_DB":75.2580983258317, "averageUnvoicedSoundIntensity_DB":46.0114669109895, "averageSmileIntensity_100":0.0795391130115481, "averageMovement":1.31403572206247, "movementMax":4.00905865293561, "voicedPitchStdDev":24.788492384968, "voicedPitchVariationQuotient":0.181271291943644, "voicedSoundIntensityStdDev":5.29341483410634, "voicedSoundIntensityVariationQuotient":0.0703368136036122, "wordCount":295, "totalDuration_Milliseconds":110712.745666504, "speakingRate_WPM":159.873191595456, "wordSoundIntensityMax":81.407787322998, "averageWordSoundIntensity":69.0826259960128, "voicedIntervalCount":246, "totalVoicedTime_Milliseconds":59079.9258947372, "voicedPitchMin":51.3607025146484, "voicedPitchMax":348.002166748047, "voicedPitchRange":296.641464233398, "voicedIntensityMin":56.7988471984863, "voicedIntensityMax":86.6320419311523, "voicedIntensityRange":29.833194732666, "unvoicedIntervalCount":247, "totalUnvoicedTime_Milliseconds":51632.8197717667, "unvoicedSoundIntensityMin":0, "unvoicedSoundIntensityMax":79.9490127563477, "unvoicedSoundIntensityRange":88.4369297027588, "srSNR":-1, "srMeanEnergy":-1, "srLatticeDensity":-1, "srInterpretationConfidence":-1}]}
