{"features":[{"averageVoicedPitch_Hz":103.834942930222, "averageVoicedSoundIntensity_DB":70.6737062259944, "averageUnvoicedSoundIntensity_DB":56.7901058688272, "averageSmileIntensity_100":39.701788006868, "averageMovement":1.59887290588436, "movementMax":24.2797706557765, "voicedPitchStdDev":35.5994560184661, "voicedPitchVariationQuotient":0.342846589152453, "voicedSoundIntensityStdDev":5.46275264519559, "voicedSoundIntensityVariationQuotient":0.0772954035794764, "wordCount":0, "totalDuration_Milliseconds":550405.822753906, "speakingRate_WPM":0, "wordSoundIntensityMax":0, "averageWordSoundIntensity":0, "voicedIntervalCount":1015, "totalVoicedTime_Milliseconds":231460.011959076, "voicedPitchMin":50.0033836364746, "voicedPitchMax":349.455902099609, "voicedPitchRange":299.452518463135, "voicedIntensityMin":57.3884620666504, "voicedIntensityMax":85.940071105957, "voicedIntensityRange":28.5516090393066, "unvoicedIntervalCount":1016, "totalUnvoicedTime_Milliseconds":318945.81079483, "unvoicedSoundIntensityMin":50.5920867919922, "unvoicedSoundIntensityMax":84.5175628662109, "unvoicedSoundIntensityRange":33.9254760742188, "srSNR":-1, "srMeanEnergy":-1, "srLatticeDensity":-1, "srInterpretationConfidence":-1}]}