{"features":[{"averageVoicedPitch_Hz":113.687242229979, "averageVoicedSoundIntensity_DB":69.7493271180733, "averageUnvoicedSoundIntensity_DB":49.0816550147576, "averageSmileIntensity_100":0.782070331781089, "averageMovement":1.45573035233671, "movementMax":5.13349283854167, "voicedPitchStdDev":40.4129647005848, "voicedPitchVariationQuotient":0.355474931996617, "voicedSoundIntensityStdDev":6.6529415717848, "voicedSoundIntensityVariationQuotient":0.0953835950348675, "wordCount":19, "totalDuration_Milliseconds":120234.664916992, "speakingRate_WPM":9.48145861916807, "wordSoundIntensityMax":70.7757491484204, "averageWordSoundIntensity":51.8316395549141, "voicedIntervalCount":147, "totalVoicedTime_Milliseconds":20419.9955463409, "voicedPitchMin":50.0505294799805, "voicedPitchMax":343.223419189453, "voicedPitchRange":293.172889709473, "voicedIntensityMin":55.5667304992676, "voicedIntensityMax":84.4972381591797, "voicedIntensityRange":28.9305076599121, "unvoicedIntervalCount":148, "totalUnvoicedTime_Milliseconds":99814.6693706512, "unvoicedSoundIntensityMin":0, "unvoicedSoundIntensityMax":83.9064254760742, "unvoicedSoundIntensityRange":403.463432312012, "srSNR":-1, "srMeanEnergy":-1, "srLatticeDensity":-1, "srInterpretationConfidence":-1}]}