{"features":[{"averageVoicedPitch_Hz":140.726860209947, "averageVoicedSoundIntensity_DB":74.9318817414679, "averageUnvoicedSoundIntensity_DB":42.5585269556685, "averageSmileIntensity_100":0.0713905852124808, "averageMovement":1.62371060629157, "movementMax":4.43072155489921, "voicedPitchStdDev":31.5249312130499, "voicedPitchVariationQuotient":0.224015025745751, "voicedSoundIntensityStdDev":5.31385790578931, "voicedSoundIntensityVariationQuotient":0.0709158475977332, "wordCount":109, "totalDuration_Milliseconds":46718.5478210449, "speakingRate_WPM":139.987227878988, "wordSoundIntensityMax":81.2019920349121, "averageWordSoundIntensity":68.3333587832721, "voicedIntervalCount":96, "totalVoicedTime_Milliseconds":21430.0231933594, "voicedPitchMin":50.4572219848633, "voicedPitchMax":281.40625, "voicedPitchRange":230.949028015137, "voicedIntensityMin":54.0115203857422, "voicedIntensityMax":84.6834487915039, "voicedIntensityRange":30.6719284057617, "unvoicedIntervalCount":97, "totalUnvoicedTime_Milliseconds":25288.5246276855, "unvoicedSoundIntensityMin":0, "unvoicedSoundIntensityMax":80.3895111083984, "unvoicedSoundIntensityRange":83.2041110992432, "srSNR":-1, "srMeanEnergy":-1, "srLatticeDensity":-1, "srInterpretationConfidence":-1}]}
