{"features":[{"averageVoicedPitch_Hz":128.744599156732, "averageVoicedSoundIntensity_DB":73.4427625220894, "averageUnvoicedSoundIntensity_DB":35.086451840351, "averageSmileIntensity_100":3.1942250552786, "averageMovement":0.4720004006243, "movementMax":0.902703894412879, "voicedPitchStdDev":41.3625258223449, "voicedPitchVariationQuotient":0.321275813457547, "voicedSoundIntensityStdDev":7.77754042021102, "voicedSoundIntensityVariationQuotient":0.105899344647769, "wordCount":99, "totalDuration_Milliseconds":120000.72479248, "speakingRate_WPM":49.4997010249076, "wordSoundIntensityMax":83.5622406005859, "averageWordSoundIntensity":58.8604765086545, "voicedIntervalCount":167, "totalVoicedTime_Milliseconds":22170.0079441071, "voicedPitchMin":52.1075172424316, "voicedPitchMax":343.626922607422, "voicedPitchRange":291.51940536499, "voicedIntensityMin":55.8155860900879, "voicedIntensityMax":86.8213500976563, "voicedIntensityRange":31.0057640075684, "unvoicedIntervalCount":168, "totalUnvoicedTime_Milliseconds":97830.7168483734, "unvoicedSoundIntensityMin":0, "unvoicedSoundIntensityMax":83.7538604736328, "unvoicedSoundIntensityRange":84.0543791651726, "srSNR":-1, "srMeanEnergy":-1, "srLatticeDensity":-1, "srInterpretationConfidence":-1}]}