{"features":[{"averageVoicedPitch_Hz":123.18049706424, "averageVoicedSoundIntensity_DB":73.0669349610264, "averageUnvoicedSoundIntensity_DB":40.987932148705, "averageSmileIntensity_100":7.19596199131422, "averageMovement":1.07621088459797, "movementMax":2.79787326388889, "voicedPitchStdDev":32.9859055591375, "voicedPitchVariationQuotient":0.267785131131067, "voicedSoundIntensityStdDev":6.97114052002434, "voicedSoundIntensityVariationQuotient":0.0954075947450473, "wordCount":171, "totalDuration_Milliseconds":116935.691833496, "speakingRate_WPM":87.7405336140581, "wordSoundIntensityMax":81.9713682091754, "averageWordSoundIntensity":64.0365383769798, "voicedIntervalCount":233, "totalVoicedTime_Milliseconds":39529.9786329269, "voicedPitchMin":50.034481048584, "voicedPitchMax":327.402862548828, "voicedPitchRange":277.368381500244, "voicedIntensityMin":56.0970573425293, "voicedIntensityMax":86.2096939086914, "voicedIntensityRange":30.1126365661621, "unvoicedIntervalCount":234, "totalUnvoicedTime_Milliseconds":77405.7132005692, "unvoicedSoundIntensityMin":8.08888816833496, "unvoicedSoundIntensityMax":84.2936782836914, "unvoicedSoundIntensityRange":76.2047901153564, "srSNR":-1, "srMeanEnergy":-1, "srLatticeDensity":-1, "srInterpretationConfidence":-1}]}