{"features":[{"averageVoicedPitch_Hz":189.83098936654, "averageVoicedSoundIntensity_DB":71.8139282888748, "averageUnvoicedSoundIntensity_DB":49.0344867278368, "averageSmileIntensity_100":12.287845962826, "averageMovement":4.02356465976239, "movementMax":7.8522294331553, "voicedPitchStdDev":53.2883484783138, "voicedPitchVariationQuotient":0.280714696036381, "voicedSoundIntensityStdDev":8.17347329662947, "voicedSoundIntensityVariationQuotient":0.113814596853013, "wordCount":85, "totalDuration_Milliseconds":52291.3360595703, "speakingRate_WPM":97.5304971016628, "wordSoundIntensityMax":80.7463643391927, "averageWordSoundIntensity":63.8173531762656, "voicedIntervalCount":147, "totalVoicedTime_Milliseconds":22659.9999442697, "voicedPitchMin":51.3176078796387, "voicedPitchMax":349.079650878906, "voicedPitchRange":297.762042999268, "voicedIntensityMin":0, "voicedIntensityMax":86.3408889770508, "voicedIntensityRange":87.3408889770508, "unvoicedIntervalCount":148, "totalUnvoicedTime_Milliseconds":29631.3361153007, "unvoicedSoundIntensityMin":0, "unvoicedSoundIntensityMax":83.2551040649414, "unvoicedSoundIntensityRange":84.2551040649414, "srSNR":-1, "srMeanEnergy":-1, "srLatticeDensity":-1, "srInterpretationConfidence":-1}]}
