{"features":[{"averageVoicedPitch_Hz":166.616827281901, "averageVoicedSoundIntensity_DB":72.0071159027487, "averageUnvoicedSoundIntensity_DB":47.8512260284252, "averageSmileIntensity_100":17.9349124580931, "averageMovement":1.57543841427946, "movementMax":6.12965080492424, "voicedPitchStdDev":74.0665057328707, "voicedPitchVariationQuotient":0.444531965595267, "voicedSoundIntensityStdDev":7.46827136937547, "voicedSoundIntensityVariationQuotient":0.103715740809033, "wordCount":39, "totalDuration_Milliseconds":121087.997436523, "speakingRate_WPM":19.3247889926223, "wordSoundIntensityMax":0, "averageWordSoundIntensity":0, "voicedIntervalCount":270, "totalVoicedTime_Milliseconds":29630.0098896027, "voicedPitchMin":55.216625213623, "voicedPitchMax":349.135681152344, "voicedPitchRange":293.919055938721, "voicedIntensityMin":0, "voicedIntensityMax":86.6648254394531, "voicedIntensityRange":87.6648254394531, "unvoicedIntervalCount":271, "totalUnvoicedTime_Milliseconds":91457.9875469208, "unvoicedSoundIntensityMin":23.5706310272217, "unvoicedSoundIntensityMax":83.8410797119141, "unvoicedSoundIntensityRange":60.2704486846924, "srSNR":-1, "srMeanEnergy":-1, "srLatticeDensity":-1, "srInterpretationConfidence":-1}]}