{"features":[{"averageVoicedPitch_Hz":126.678492559587, "averageVoicedSoundIntensity_DB":73.7280981672773, "averageUnvoicedSoundIntensity_DB":40.1024106449453, "averageSmileIntensity_100":0.822190628843024, "averageMovement":0.724225535748468, "movementMax":1.30412346117424, "voicedPitchStdDev":31.6710679251875, "voicedPitchVariationQuotient":0.250011405134854, "voicedSoundIntensityStdDev":6.95856438598238, "voicedSoundIntensityVariationQuotient":0.0943814442384572, "wordCount":182, "totalDuration_Milliseconds":121301.040649414, "speakingRate_WPM":90.0239597412947, "wordSoundIntensityMax":84.7511121961806, "averageWordSoundIntensity":65.8009567283587, "voicedIntervalCount":232, "totalVoicedTime_Milliseconds":37930.0363063812, "voicedPitchMin":51.0182952880859, "voicedPitchMax":349.804870605469, "voicedPitchRange":298.786575317383, "voicedIntensityMin":55.1822509765625, "voicedIntensityMax":86.2871246337891, "voicedIntensityRange":31.1048736572266, "unvoicedIntervalCount":233, "totalUnvoicedTime_Milliseconds":83371.0043430328, "unvoicedSoundIntensityMin":0, "unvoicedSoundIntensityMax":83.8885040283203, "unvoicedSoundIntensityRange":83.9750712066889, "srSNR":-1, "srMeanEnergy":-1, "srLatticeDensity":-1, "srInterpretationConfidence":-1}]}