{"features":[{"averageVoicedPitch_Hz":123.432259523398, "averageVoicedSoundIntensity_DB":68.7235329239978, "averageUnvoicedSoundIntensity_DB":36.562115010809, "averageSmileIntensity_100":14.5181396552391, "averageMovement":0.658425974431643, "movementMax":9.3287470407197, "voicedPitchStdDev":30.7624698160386, "voicedPitchVariationQuotient":0.249225526088722, "voicedSoundIntensityStdDev":6.82111742061682, "voicedSoundIntensityVariationQuotient":0.0992544639426553, "wordCount":0, "totalDuration_Milliseconds":264335.968017578, "speakingRate_WPM":0, "wordSoundIntensityMax":0, "averageWordSoundIntensity":0, "voicedIntervalCount":171, "totalVoicedTime_Milliseconds":25399.9400138855, "voicedPitchMin":50.8693809509277, "voicedPitchMax":347.625427246094, "voicedPitchRange":296.756046295166, "voicedIntensityMin":55.2109794616699, "voicedIntensityMax":88.3097839355469, "voicedIntensityRange":33.098804473877, "unvoicedIntervalCount":172, "totalUnvoicedTime_Milliseconds":238936.028003693, "unvoicedSoundIntensityMin":26.1201457977295, "unvoicedSoundIntensityMax":84.8996353149414, "unvoicedSoundIntensityRange":58.7794895172119, "srSNR":-1, "srMeanEnergy":-1, "srLatticeDensity":-1, "srInterpretationConfidence":-1}]}