{"features":[{"averageVoicedPitch_Hz":62.4747249168621, "averageVoicedSoundIntensity_DB":63.0856773404067, "averageUnvoicedSoundIntensity_DB":62.1849749714132, "averageSmileIntensity_100":47.5987631104173, "averageMovement":0.931782290991561, "movementMax":21.4005190577652, "voicedPitchStdDev":16.0685509226845, "voicedPitchVariationQuotient":0.257200827119569, "voicedSoundIntensityStdDev":4.00186041573201, "voicedSoundIntensityVariationQuotient":0.0634353245371085, "wordCount":0, "totalDuration_Milliseconds":548522.644042969, "speakingRate_WPM":0, "wordSoundIntensityMax":0, "averageWordSoundIntensity":0, "voicedIntervalCount":1792, "totalVoicedTime_Milliseconds":460309.562999755, "voicedPitchMin":49.8996658325195, "voicedPitchMax":341.001403808594, "voicedPitchRange":291.101737976074, "voicedIntensityMin":0, "voicedIntensityMax":83.9275512695313, "voicedIntensityRange":84.9275512695313, "unvoicedIntervalCount":1793, "totalUnvoicedTime_Milliseconds":88213.0810432136, "unvoicedSoundIntensityMin":0, "unvoicedSoundIntensityMax":84.6520385742188, "unvoicedSoundIntensityRange":85.6520385742188, "srSNR":-1, "srMeanEnergy":-1, "srLatticeDensity":-1, "srInterpretationConfidence":-1}]}