{"features":[{"averageVoicedPitch_Hz":125.393494345602, "averageVoicedSoundIntensity_DB":69.1752278344829, "averageUnvoicedSoundIntensity_DB":26.9977009845879, "averageSmileIntensity_100":1.05991460679577, "averageMovement":2.14771137247696, "movementMax":10.5810691879735, "voicedPitchStdDev":18.8075572821533, "voicedPitchVariationQuotient":0.149988301867696, "voicedSoundIntensityStdDev":4.97875288413695, "voicedSoundIntensityVariationQuotient":0.0719730608773667, "wordCount":103, "totalDuration_Milliseconds":121393.920898438, "speakingRate_WPM":50.9086448008415, "wordSoundIntensityMax":76.3859400749207, "averageWordSoundIntensity":59.3816198989933, "voicedIntervalCount":94, "totalVoicedTime_Milliseconds":20519.9943780899, "voicedPitchMin":54.0587463378906, "voicedPitchMax":262.833343505859, "voicedPitchRange":208.774597167969, "voicedIntensityMin":53.9127616882324, "voicedIntensityMax":80.4465637207031, "voicedIntensityRange":26.5338020324707, "unvoicedIntervalCount":95, "totalUnvoicedTime_Milliseconds":100873.926520348, "unvoicedSoundIntensityMin":9.60845851898193, "unvoicedSoundIntensityMax":83.1725616455078, "unvoicedSoundIntensityRange":73.5641031265259, "srSNR":-1, "srMeanEnergy":-1, "srLatticeDensity":-1, "srInterpretationConfidence":-1}]}