{"features":[{"averageVoicedPitch_Hz":137.859114277858, "averageVoicedSoundIntensity_DB":65.9825924639211, "averageUnvoicedSoundIntensity_DB":49.3425487508482, "averageSmileIntensity_100":0.820990076039311, "averageMovement":0.997174371539326, "movementMax":2.34075905539773, "voicedPitchStdDev":47.3417426046695, "voicedPitchVariationQuotient":0.343406693512127, "voicedSoundIntensityStdDev":5.64489932248824, "voicedSoundIntensityVariationQuotient":0.0855513418266317, "wordCount":3, "totalDuration_Milliseconds":120661.331176758, "speakingRate_WPM":1.49177866881243, "wordSoundIntensityMax":0, "averageWordSoundIntensity":0, "voicedIntervalCount":246, "totalVoicedTime_Milliseconds":36560.0163936615, "voicedPitchMin":54.7190475463867, "voicedPitchMax":349.807434082031, "voicedPitchRange":295.088386535645, "voicedIntensityMin":54.3165588378906, "voicedIntensityMax":80.8936538696289, "voicedIntensityRange":26.5770950317383, "unvoicedIntervalCount":247, "totalUnvoicedTime_Milliseconds":84101.3147830963, "unvoicedSoundIntensityMin":37.0428085327148, "unvoicedSoundIntensityMax":82.5618133544922, "unvoicedSoundIntensityRange":45.5190048217773, "srSNR":-1, "srMeanEnergy":-1, "srLatticeDensity":-1, "srInterpretationConfidence":-1}]}