{"features":[{"averageVoicedPitch_Hz":129.283662740654, "averageVoicedSoundIntensity_DB":72.9438530629455, "averageUnvoicedSoundIntensity_DB":36.8094777908626, "averageSmileIntensity_100":9.04074724855682, "averageMovement":0.55936094054357, "movementMax":2.51088393702652, "voicedPitchStdDev":53.9838517653061, "voicedPitchVariationQuotient":0.417561280527758, "voicedSoundIntensityStdDev":8.62586007131982, "voicedSoundIntensityVariationQuotient":0.118253419707296, "wordCount":77, "totalDuration_Milliseconds":101239.00604248, "speakingRate_WPM":45.6345847376398, "wordSoundIntensityMax":81.2673561993767, "averageWordSoundIntensity":59.359795247638, "voicedIntervalCount":153, "totalVoicedTime_Milliseconds":22240.0032281876, "voicedPitchMin":55.8112525939941, "voicedPitchMax":336.574249267578, "voicedPitchRange":280.762996673584, "voicedIntensityMin":54.673957824707, "voicedIntensityMax":87.5682525634766, "voicedIntensityRange":32.8942947387695, "unvoicedIntervalCount":154, "totalUnvoicedTime_Milliseconds":78999.0028142929, "unvoicedSoundIntensityMin":3.89304256439209, "unvoicedSoundIntensityMax":85.17138671875, "unvoicedSoundIntensityRange":81.2783441543579, "srSNR":-1, "srMeanEnergy":-1, "srLatticeDensity":-1, "srInterpretationConfidence":-1}]}