{"features":[{"averageVoicedPitch_Hz":221.41209247421, "averageVoicedSoundIntensity_DB":73.1709825798412, "averageUnvoicedSoundIntensity_DB":52.8533442227046, "averageSmileIntensity_100":19.3501751587517, "averageMovement":3.64854795845925, "movementMax":6.54953657670454, "voicedPitchStdDev":36.0458681669838, "voicedPitchVariationQuotient":0.162799907467485, "voicedSoundIntensityStdDev":7.46691936669362, "voicedSoundIntensityVariationQuotient":0.102047548132158, "wordCount":142, "totalDuration_Milliseconds":61579.3190002441, "speakingRate_WPM":138.358139361142, "wordSoundIntensityMax":82.5149377676157, "averageWordSoundIntensity":69.5560204077969, "voicedIntervalCount":160, "totalVoicedTime_Milliseconds":35850.0006198883, "voicedPitchMin":51.9848861694336, "voicedPitchMax":343.789245605469, "voicedPitchRange":291.804359436035, "voicedIntensityMin":54.239860534668, "voicedIntensityMax":88.0613250732422, "voicedIntensityRange":33.8214645385742, "unvoicedIntervalCount":161, "totalUnvoicedTime_Milliseconds":25729.3183803558, "unvoicedSoundIntensityMin":37.2354431152344, "unvoicedSoundIntensityMax":81.1425170898438, "unvoicedSoundIntensityRange":43.9070739746094, "srSNR":-1, "srMeanEnergy":-1, "srLatticeDensity":-1, "srInterpretationConfidence":-1}]}
