{"features":[{"averageVoicedPitch_Hz":128.848068468382, "averageVoicedSoundIntensity_DB":65.8997571368461, "averageUnvoicedSoundIntensity_DB":27.0528697604687, "averageSmileIntensity_100":8.01443029105548, "averageMovement":1.97085125118358, "movementMax":5.9759150094697, "voicedPitchStdDev":25.1539780408403, "voicedPitchVariationQuotient":0.195222003246505, "voicedSoundIntensityStdDev":4.61026038026939, "voicedSoundIntensityVariationQuotient":0.0699586854424337, "wordCount":12, "totalDuration_Milliseconds":118236.00769043, "speakingRate_WPM":6.08951548740662, "wordSoundIntensityMax":63.6267048120499, "averageWordSoundIntensity":32.4693438398686, "voicedIntervalCount":105, "totalVoicedTime_Milliseconds":18759.9959373474, "voicedPitchMin":51.309268951416, "voicedPitchMax":311.091613769531, "voicedPitchRange":259.782344818115, "voicedIntensityMin":50.0541763305664, "voicedIntensityMax":78.8991241455078, "voicedIntensityRange":28.8449478149414, "unvoicedIntervalCount":106, "totalUnvoicedTime_Milliseconds":99476.0117530823, "unvoicedSoundIntensityMin":9.97518062591553, "unvoicedSoundIntensityMax":80.6287841796875, "unvoicedSoundIntensityRange":70.653603553772, "srSNR":-1, "srMeanEnergy":-1, "srLatticeDensity":-1, "srInterpretationConfidence":-1}]}