{"features":[{"averageVoicedPitch_Hz":187.796789535708, "averageVoicedSoundIntensity_DB":70.58239627668, "averageUnvoicedSoundIntensity_DB":33.8957632718526, "averageSmileIntensity_100":8.38198179853646, "averageMovement":1.09413251704716, "movementMax":10.7384268465909, "voicedPitchStdDev":50.7051698977917, "voicedPitchVariationQuotient":0.270000195547276, "voicedSoundIntensityStdDev":5.3371373313339, "voicedSoundIntensityVariationQuotient":0.0756157004136351, "wordCount":0, "totalDuration_Milliseconds":424460.784912109, "speakingRate_WPM":0, "wordSoundIntensityMax":0, "averageWordSoundIntensity":0, "voicedIntervalCount":477, "totalVoicedTime_Milliseconds":97470.1035022736, "voicedPitchMin":50.378589630127, "voicedPitchMax":349.935577392578, "voicedPitchRange":299.556987762451, "voicedIntensityMin":54.9489364624023, "voicedIntensityMax":89.5384140014648, "voicedIntensityRange":34.5894775390625, "unvoicedIntervalCount":478, "totalUnvoicedTime_Milliseconds":326990.681409836, "unvoicedSoundIntensityMin":18.7351932525635, "unvoicedSoundIntensityMax":82.6027679443359, "unvoicedSoundIntensityRange":63.8675746917725, "srSNR":-1, "srMeanEnergy":-1, "srLatticeDensity":-1, "srInterpretationConfidence":-1}]}