{"features":[{"averageVoicedPitch_Hz":115.682748542467, "averageVoicedSoundIntensity_DB":69.0902542192109, "averageUnvoicedSoundIntensity_DB":33.9999899537933, "averageSmileIntensity_100":50.2593098750626, "averageMovement":1.80081296327831, "movementMax":21.6739056581439, "voicedPitchStdDev":31.1136764573903, "voicedPitchVariationQuotient":0.268956926157131, "voicedSoundIntensityStdDev":5.83625721508, "voicedSoundIntensityVariationQuotient":0.0844729445713517, "wordCount":0, "totalDuration_Milliseconds":260899.4140625, "speakingRate_WPM":0, "wordSoundIntensityMax":0, "averageWordSoundIntensity":0, "voicedIntervalCount":437, "totalVoicedTime_Milliseconds":77950.0451087952, "voicedPitchMin":50.0214958190918, "voicedPitchMax":314.352691650391, "voicedPitchRange":264.331195831299, "voicedIntensityMin":52.5346260070801, "voicedIntensityMax":86.5213470458984, "voicedIntensityRange":33.9867210388184, "unvoicedIntervalCount":438, "totalUnvoicedTime_Milliseconds":182949.368953705, "unvoicedSoundIntensityMin":8.45097160339355, "unvoicedSoundIntensityMax":83.8354263305664, "unvoicedSoundIntensityRange":75.3844547271729, "srSNR":-1, "srMeanEnergy":-1, "srLatticeDensity":-1, "srInterpretationConfidence":-1}]}